{"github": {"t": 1784566706.2487283, "total": 245896, "stars": {"deepseek-ai/DeepSeek-V3": 103959, "deepseek-ai/DeepSeek-R1": 91989, "QwenLM/Qwen3": 27407, "zai-org/GLM-5": 6684, "MoonshotAI/Kimi-K2": 10970, "MiniMax-AI/MiniMax-M2": 2601, "XiaomiMiMo/MiMo": 2286}}, "ollama": {"t": 1784566723.05295, "cn": 269766400, "us": 442295144}}