{"github": {"t": 1784721300.259205, "total": 245967, "stars": {"deepseek-ai/DeepSeek-V3": 103970, "deepseek-ai/DeepSeek-R1": 91987, "QwenLM/Qwen3": 27415, "zai-org/GLM-5": 6718, "MoonshotAI/Kimi-K2": 10993, "MiniMax-AI/MiniMax-M2": 2599, "XiaomiMiMo/MiMo": 2285}}, "ollama": {"t": 1784721322.8954203, "cn": 271018200, "us": 443342202}}