{"github": {"t": 1784642315.05918, "total": 245928, "stars": {"deepseek-ai/DeepSeek-V3": 103966, "deepseek-ai/DeepSeek-R1": 91989, "QwenLM/Qwen3": 27407, "zai-org/GLM-5": 6698, "MoonshotAI/Kimi-K2": 10982, "MiniMax-AI/MiniMax-M2": 2601, "XiaomiMiMo/MiMo": 2285}}, "ollama": {"t": 1784642333.9202385, "cn": 269891300, "us": 442817973}}