{"github": {"t": 1784874853.0823166, "total": 246048, "stars": {"deepseek-ai/DeepSeek-V3": 103985, "deepseek-ai/DeepSeek-R1": 91985, "QwenLM/Qwen3": 27421, "zai-org/GLM-5": 6761, "MoonshotAI/Kimi-K2": 11013, "MiniMax-AI/MiniMax-M2": 2598, "XiaomiMiMo/MiMo": 2285}}, "ollama": {"t": 1784874869.1166024, "cn": 271871000, "us": 444407098}}