{"github": {"t": 1784798988.443904, "total": 245996, "stars": {"deepseek-ai/DeepSeek-V3": 103971, "deepseek-ai/DeepSeek-R1": 91977, "QwenLM/Qwen3": 27419, "zai-org/GLM-5": 6739, "MoonshotAI/Kimi-K2": 11007, "MiniMax-AI/MiniMax-M2": 2598, "XiaomiMiMo/MiMo": 2285}}, "ollama": {"t": 1784799154.1573293, "cn": 271241900, "us": 443870835}}