{"github": {"t": 1784491730.691772, "total": 245854, "stars": {"deepseek-ai/DeepSeek-V3": 103948, "deepseek-ai/DeepSeek-R1": 91989, "QwenLM/Qwen3": 27407, "zai-org/GLM-5": 6664, "MoonshotAI/Kimi-K2": 10959, "MiniMax-AI/MiniMax-M2": 2601, "XiaomiMiMo/MiMo": 2286}}, "ollama": {"t": 1784491835.434161, "cn": 269441800, "us": 441872010}}